,CS2_35,CS2_36,CS2_37,CS2_38
0,0.9793065527104277,0.9833051670540264,0.9797796040922739,0.9772914317247374
1,0.9789217760144758,0.9827438560648261,0.9792341557090364,0.9768070161670254
2,0.9787381572501238,0.9824902668778304,0.9790534599950431,0.9763001373624505
3,0.9747635974656638,0.9803645848429061,0.9767583003190149,0.9752018304104757
4,0.9720488962027689,0.978794149160359,0.9746783600865576,0.9730819053428956
5,0.9644824719098655,0.9729633484241866,0.9663498508637649,0.9640347777937491
6,0.9558551493997619,0.9670823904500166,0.9581315368682768,0.9562570655753342
7,0.9517047720789329,0.9642930571833519,0.9544520180272725,0.9525102441434649
8,0.9486076345060357,0.9619591747442328,0.9515338913983487,0.9496239555686425
9,0.9456987023672827,0.9601556346666573,0.9491162088817691,0.9471125075145007
10,0.9510502569589605,0.9639221712810417,0.9546644736723199,0.9531751465116938
11,0.9517849600398589,0.9646678204601401,0.9559806086476768,0.9547886172312972
12,0.9516313452725922,0.9645019385956841,0.9560349614787155,0.954809409821298
13,0.951256529299342,0.9643110393951444,0.955783657418757,0.9545153587018468
14,0.950648847590805,0.9638758980423222,0.9571879202684634,0.9540257163012557
15,0.9503010523201075,0.9636370266216487,0.9547184594149764,0.9537037218375926
16,0.9498294564558588,0.9632237046610825,0.9541729392401799,0.9530266263746148
17,0.9491029030857304,0.9627223384528434,0.9535068557229724,0.952594623339257
18,0.9483727136362281,0.9620480475432264,0.9528626208897159,0.9518633758622485
19,0.9477433722536703,0.9614959989560378,0.952322942266991,0.9511987369486796
20,0.9469765938637309,0.9610010141653036,0.9518016675532545,0.9506723297910353
21,0.9464900375315622,0.9605606699633408,0.9513651416604948,0.9501682103965243
22,0.9459072977920178,0.9602007433004572,0.9508625353572673,0.9495738168444944
23,0.9453682988181237,0.9595411471083131,0.9502315199847522,0.9491078784364343
24,0.9446376581722424,0.9589430629566864,0.9495475098073097,0.9484384398689384
25,0.9434945054798771,0.9567983825722282,0.9411673173452467,0.9462877253523806
26,0.9329218710030273,0.9494674210635657,0.9333940837743987,0.9349395542695816
27,0.9277739529874633,0.9466155565615695,0.9303389490197136,0.9306726784860453
28,0.9246869903404098,0.944801508961384,0.9281973252351178,0.9280895129206801
29,0.9223032852004142,0.9431655348086179,0.9267030521268916,0.9257789188307398
30,0.9210624122717024,0.9432540705998543,0.9349425641672017,0.9254024728491032
31,0.9294025665746667,0.9486823144472843,0.9373201082407785,0.9348803686086536
32,0.9312319785022443,0.9477688241943492,0.9317422358314921,0.9349425663580097
33,0.9220788151929052,0.9410262508088978,0.9237781879770239,0.9240093053651018
34,0.9169645011157315,0.9383202517833458,0.9212305821317547,0.91906715561503
35,0.9150604947200254,0.9380071419605314,0.9202090107442722,0.9192696843872679
36,0.9138039500673747,0.9368866987957667,0.9190998727300689,0.9177036783099003
37,0.9131043087643687,0.93870477751793,0.9279661908369664,0.9186710312224877
38,0.9214527969463158,0.9432088878696748,0.9300001807694253,0.92743674504099
39,0.9233148069895367,0.9421778275586716,0.9278974634096658,0.9273893155908954
40,0.9167201061134193,0.9353104653694996,0.9169937643105178,0.9165905721298951
41,0.9100748037548709,0.9342866711090053,0.9162473289808498,0.9139523687556325
42,0.9094011554693079,0.9338606769394573,0.9149101713964525,0.9139906614901363
43,0.9086017299620226,0.9328983889161551,0.9132536592318758,0.9136785215040563
44,0.9072745158635647,0.9335699850868632,0.919572390509766,0.9121228883802678
45,0.9138281157910427,0.9387394464580191,0.923452778456188,0.9211050483200065
46,0.9165343191799744,0.9381446995028835,0.922665166857202,0.9216457254121518
47,0.9158578086426429,0.9324585535534489,0.9129670620578965,0.9129787456723086
48,0.9061377144835282,0.9314900864714953,0.9117117088463059,0.9102988975438644
49,0.9051057991781912,0.9306446428368633,0.910515053182229,0.9090973932196306
50,0.9042358799267064,0.9290960331368596,0.9121740398003141,0.908112919550194
51,0.9057141866462447,0.9294490317820936,0.9388300042744164,0.9105093420151757
52,0.9357308569736332,0.9502865980646414,0.9355745074270798,0.9365171189267099
53,0.9311461434201791,0.9477681081565715,0.9334235888056603,0.9332414537653251
54,0.9275200550579147,0.9447577058791032,0.9252390052852982,0.9313223632354537
55,0.9220245689910267,0.9409594675796391,0.9278949825629649,0.9266597583776244
56,0.923127872072904,0.9417054428489777,0.9247343749245651,0.9267888433221506
57,0.92035219945556,0.9393276392386485,0.9178629524820979,0.925896621356649
58,0.9139619909732778,0.9352619893919232,0.916878660908957,0.9202582666548562
59,0.9121683717050901,0.9340925521637788,0.9152197859578959,0.9165671059528172
60,0.9106020108942608,0.9327135137008424,0.9128509615566366,0.9151122624117162
61,0.9088112051876512,0.9313614084171477,0.9101037277482174,0.9132701489568651
62,0.9056274943664182,0.9295804061482775,0.9126173918777454,0.9151098922092548
63,0.9074587849316071,0.9303000522832048,0.9115890585184354,0.9108725927539427
64,0.9063204109873791,0.9291658703431094,0.9059587696731541,0.9081830698369111
65,0.9014021691419739,0.9260536391939259,0.9051131923493251,0.9029223939645459
66,0.9000503752999726,0.9255391281320161,0.9046511343041996,0.9031824296457676
67,0.8989163787732796,0.9248822169409215,0.9032182544789578,0.9022653613903171
68,0.8976789059529091,0.923628221609858,0.9006130953734448,0.9000727057193371
69,0.8947147657724531,0.9233627110110253,0.9050231353418301,0.9048081132692897
70,0.8977573374678236,0.9245751782594385,0.9046219219434409,0.9046829992267695
71,0.8970943411640151,0.9238714705070009,0.903786128554557,0.9036175221557631
72,0.8960332717320145,0.9232185882626971,0.9028229728924313,0.9028025236703787
73,0.8947088657374309,0.9227308640503386,0.9063682564313733,0.9022109186225054
74,0.8937977073664585,0.9239384231103224,0.9014767565533812,0.9022276695346573
75,0.8936702424641884,0.9209548618546102,0.9000311085543271,0.9013407238163739
76,0.8925292679941169,0.9202905961470011,0.8990526238981853,0.9000831065927118
77,0.8910335922620246,0.9196498554481229,0.8982554373636585,0.8989304446976653
78,0.8898482716453769,0.9209249205278526,0.8974679608553207,0.8985408136321
79,0.8890493448085484,0.9183654055859706,0.896617433950387,0.8976488523227057
80,0.8878507902151873,0.9183071814802362,0.8961687650469645,0.9013341734688471
81,0.8871865672342185,0.9173448583210133,0.8994471029193783,0.8965107969363258
82,0.8865989632666096,0.9168463583954464,0.8943665489421407,0.8950669116346496
83,0.8864973040845069,0.9147163257297583,0.8921672447364551,0.8943698878275762
84,0.885081418117848,0.9103472376839516,0.8947995618354828,0.8926492049780057
85,0.8841046331290671,0.9092969278915133,0.8938379986031966,0.8951859361749698
86,0.8827191377983471,0.9083467192729497,0.893536109160926,0.8943121363153869
87,0.8747239872131022,0.9153382916312578,0.898649330686932,0.8927781583397851
88,0.8722928844115792,0.914937286514346,0.8995366809088772,0.8988404092815154
89,0.8712106185596038,0.9151721567532207,0.8929412951193969,0.8989119705868889
90,0.8865375703109579,0.9189108222819483,0.8892797370912915,0.8919491713845913
91,0.8847775636156158,0.9190487672852238,0.889176319845401,0.8902071667436988
92,0.8841467607906918,0.9141154099986941,0.8878089296518795,0.8899450693771203
93,0.8903188601396943,0.9128511224135544,0.886135769359656,0.8873371225553355
94,0.8892053841064642,0.9122987569303181,0.8923271414733313,0.8870343903767668
95,0.8811046843123217,0.9112635532367444,0.893870775915753,0.8947692353558108
96,0.907269643879603,0.9106753299400241,0.8918259355352862,0.8939818531967205
97,0.9085030827182914,0.9153615897528874,0.8863488394869861,0.8858496116165785
98,0.9009009425956136,0.9154002342762604,0.8791696831361789,0.8834977872357987
99,0.8999805469085487,0.9081519640872462,0.8784109702780672,0.8809315033149614
100,0.900229375115754,0.9081457301565703,0.8878376997600419,0.8803756936713252
101,0.897723999029241,0.9075244014289159,0.8875983491652535,0.8793296488901081
102,0.8982470184811104,0.9050933124089895,0.8791423003479923,0.8891371337362634
103,0.9049001603210046,0.9099964888647576,0.8763344600154577,0.889254040201338
104,0.9033842306921426,0.904471772216495,0.8758705744314216,0.8805314381723173
105,0.8947802098999321,0.903925167359265,0.8764390618819915,0.8778560567491399
106,0.8916928702109316,0.9040368313047165,0.8719546811710552,0.8782558737411454
107,0.8897424123550273,0.9020209918136723,0.8826898426315294,0.8794388225924984
108,0.8881416593671937,0.9025579646803696,0.8903929373494953,0.8885698805850663
109,0.8867543014497985,0.9083302613658788,0.887526941542419,0.885061496361401
110,0.8953409546829127,0.909164558516993,0.8881849471873025,0.8882856903641873
111,0.8956029304935982,0.910591110044815,0.8886652441628257,0.888827320819173
112,0.8841123175661388,0.9114811966218469,0.8894410312997566,0.8896521591843357
113,0.8805320251656872,0.9120673330278978,0.8898134109864515,0.8903001567975806
114,0.8825685115443922,0.9125806719253439,0.8898740885752912,0.8909934747057717
115,0.8767680968411591,0.9129920716103982,0.8901847388421565,0.8908250921536469
116,0.8837570618911086,0.9134911956880035,0.8905056510473786,0.8908593414977973
117,0.8864300110347877,0.9135311642001676,0.8907132846321099,0.8911577890890306
118,0.8865174349131303,0.9137465539996813,0.8909550867657744,0.8912255750129482
119,0.8862121231849082,0.9138947561917885,0.891043184002218,0.891472730055958
120,0.8859734753073117,0.9139604377860917,0.8911286802615481,0.8916617519066493
121,0.885798739118794,0.9140678867610551,0.891255109397004,0.8916078357427357
122,0.8858916836246128,0.9141512260092295,0.8815004297691293,0.8915677718217838
123,0.885735028828549,0.9141063994875784,0.8741388711617437,0.8891426730059129
124,0.8852602522252571,0.9140542425351343,0.8747621134017249,0.8767291070247356
125,0.8846726137942905,0.9056869174532672,0.8732620384739601,0.8756026967948091
126,0.8842118613689781,0.9022652916307473,0.8717455200880188,0.8765424649221966
127,0.8837816451648746,0.9018218867609957,0.8806932549082015,0.8808352016160059
128,0.8837699241005096,0.9011250735699908,0.8845728865668759,0.8843920754661563
129,0.8836185435065247,0.9004941213036046,0.8820807730311299,0.8826705093128492
130,0.8834477306702364,0.9065328847298407,0.883096225606883,0.8694842387091314
131,0.8677352321420562,0.90819014847369,0.8878472561157544,0.8767616123868577
132,0.8689584836309818,0.9036899333801461,0.879017641646986,0.8758063901656495
133,0.8663989313299291,0.9057347724355872,0.8723988626833163,0.8804632963684794
134,0.8650873832470337,0.9089778228094532,0.8743807972346435,0.8828921983496011
135,0.8650421105932191,0.9014838130328272,0.8720671481567179,0.8716416371019198
136,0.873759859060401,0.9001717901552043,0.8724735360092225,0.8701390382664872
137,0.8724089169851236,0.8996655961874671,0.8809919416454423,0.8721375292001473
138,0.8608402666057797,0.8970456156794279,0.8814253721892469,0.8676800023162456
139,0.8588811046563329,0.8992649380763285,0.8715053961297585,0.8684730931724173
140,0.8767824733551939,0.9044771291123005,0.8699256001760336,0.8783866501599645
141,0.8743674607889714,0.9032451212475373,0.8705959028891677,0.8781781895908285
142,0.872127593535947,0.8966524149139451,0.8707051194725657,0.8679432387335273
143,0.861499956196601,0.8957046102193083,0.8672150122135327,0.8663533595753824
144,0.8630379839985105,0.8957023561256822,0.8756703377030293,0.8682415964803661
145,0.8632509356125325,0.8949215055397033,0.878456888744635,0.8668858368076763
146,0.8624735721244944,0.8942378335451094,0.8764382880173882,0.8617458110172541
147,0.8653388675540872,0.901147129529951,0.8652197803140748,0.8730533641853543
148,0.8713413295230528,0.9009875589140783,0.8658457082672849,0.8755695977106381
149,0.8711769853127547,0.8942981439407787,0.8649779806437293,0.8706615538057317
150,0.8615538378778135,0.892768895825211,0.8648358764382759,0.8604407380852007
151,0.8660380525424698,0.893489538661667,0.8669570382902164,0.8609352606012765
152,0.8590976008152699,0.8921162336495737,0.8748330292103347,0.8608287082854664
153,0.861076787624104,0.8918161339201346,0.8756762698236189,0.8606290379021496
154,0.8691131013134765,0.8982303270803127,0.8764812559855133,0.8663733578704641
155,0.8714630726636623,0.9022726095018088,0.876857329399865,0.8720123146707025
156,0.8699904967333767,0.9006614593770885,0.8777203422960622,0.8727032585128007
157,0.8593886433695941,0.9010010118695171,0.8785897835165939,0.8734730225699759
158,0.8614468873595094,0.9014268314829278,0.87914235160035,0.8738511834872094
159,0.8746199827131986,0.9018198814194974,0.8794164561496361,0.8750505346473466
160,0.871270646152149,0.9021012902261453,0.8797093139593488,0.8754102280385371
161,0.8716478767391844,0.902068162503683,0.8800131573109549,0.8753568487077742
162,0.8718966786227643,0.9020202526839919,0.8802410998533508,0.8753978561535073
163,0.8722941950578103,0.9020911554726216,0.8805842107752371,0.8754192137950123
164,0.8724737697637334,0.9020983317405613,0.8809360030444329,0.8755785530337876
165,0.8729783233497059,0.9021539889401553,0.881390590141701,0.8758241064140309
166,0.8738340826650258,0.9012505344691932,0.882004531708666,0.8764684280163543
167,0.8740840487925116,0.8938126313867509,0.8743074187569412,0.8771663667084059
168,0.8742209895217959,0.891668015979684,0.8688581639874756,0.8781732910906137
169,0.8743806615135328,0.8905985011980725,0.8689147590824824,0.8762203735964611
170,0.8747507998687638,0.8903312114674329,0.8678361701671151,0.8645451568249904
171,0.8748630471855521,0.8962630025630537,0.867443449012572,0.8635210801935402
172,0.8749570645758126,0.8965399061602093,0.8753245202189267,0.8632951891352092
173,0.8750201225817885,0.8896002240301333,0.8775284016844433,0.8627151387314808
174,0.8753530636124627,0.888276660169092,0.8710044689157378,0.8617618092972009
175,0.8753974420084766,0.8879126082828807,0.8644047094437803,0.8712659311789518
176,0.8752901910976528,0.8935951588053461,0.8747031695443105,0.8723745202680302
177,0.8740448181134514,0.8986676795020588,0.880606871108977,0.8615898551205867
178,0.8640237984477313,0.8993433658048908,0.8817458893011256,0.8587872516566004
179,0.8631140177127407,0.8924628372522778,0.8726014765473299,0.8671417245354188
180,0.8599063196208998,0.8907647027433195,0.8703026194039399,0.8753086598969598
181,0.859125017307521,0.8916275228242465,0.8711374819507349,0.8766398239588615
182,0.8669938718376098,0.8930900836386007,0.8736407188663601,0.8661368423484327
183,0.8690608630718129,0.894591861764168,0.8743529863347408,0.8640298486274339
184,0.8657313258626795,0.8967226430487817,0.8786068205612099,0.8653324717521875
185,0.8970629602204335,0.8954176579495331,0.8779667652266644,0.8658993542044274
186,0.9000824001356766,0.8892649420805414,0.8701177463049312,0.8642270084966127
187,0.9013289279373495,0.8895349972927352,0.8703085973060605,0.8713268285303204
188,0.9017762734888801,0.8887978982237315,0.8706073247230401,0.874185644216664
189,0.9016259304627507,0.8878903493949017,0.8685413401082424,0.873645899733892
190,0.9014380187593045,0.8904475033572379,0.8703251738358547,0.8633635757433457
191,0.9014102089486703,0.8953097808116324,0.8777876676946731,0.868316651379578
192,0.9013796693626178,0.8939716669940185,0.8714148776292505,0.8629777790229359
193,0.9009983314974761,0.8884747740776163,0.868673809093437,0.8637864667050674
194,0.9004340109686548,0.8887639677418565,0.8715438945532937,0.8731141303376179
195,0.8997108319575522,0.8902346728722029,0.8791707956182504,0.8750045367979677
196,0.8985856812715824,0.8953350383891179,0.8799119592783434,0.8658246293721398
197,0.8985442062949955,0.8957158125044559,0.8799691827208468,0.8632314327989563
198,0.8978392023955395,0.8958973268186907,0.880182830538814,0.8734816503132203
199,0.8975430393148384,0.8958466687090801,0.8805149700019964,0.8786829190236267
200,0.8997563203744054,0.895967045338852,0.8806794622910057,0.8759095247231613
201,0.8954803349319892,0.8961808849319325,0.8814538894045453,0.8763564707647443
202,0.8861823343856219,0.8965282149023164,0.8818416890322198,0.876756164125728
203,0.8810320631101367,0.8969680269125136,0.8816709082983287,0.8771249502582075
204,0.88171357962506,0.8968798542938439,0.8816013657971449,0.8776598157732285
205,0.8797525429969743,0.8968224887199449,0.8819039820407617,0.8784247310939934
206,0.878284230333025,0.8968286220958224,0.8820683448078229,0.8781990554979521
207,0.8849267097042566,0.8967191534662227,0.8821365265212997,0.8812187927509105
208,0.8807069600735983,0.8966544746363961,0.8823146320953535,0.8785951920700366
209,0.8767163301741844,0.8966615676325211,0.8825457582760675,0.8786426876537017
210,0.8724262130284203,0.8965615580858605,0.8820702678847056,0.8787500466724977
211,0.8705492335707812,0.8964540501004977,0.8820995153555269,0.8789683769354667
212,0.8704703945509839,0.8943823529367199,0.8820186737460443,0.8788755555458209
213,0.8775195511340376,0.8885387452736769,0.8700461474220037,0.8787970787267381
214,0.8765972623742666,0.8883512819840147,0.8719818485135375,0.8789237635194896
215,0.8688834725158945,0.8872547455834544,0.8701481169911388,0.8767943042571866
216,0.8658176791679599,0.8849033177728693,0.8669758961260032,0.8678657806753611
217,0.8638820766337774,0.8853597744849625,0.8688344560031632,0.8662314464211293
218,0.8626761392006307,0.8906635425975565,0.875770915232432,0.8628832166998025
219,0.8627014776915412,0.8912555956333301,0.8750375284311035,0.862757257189908
220,0.870402745806064,0.8854350243476841,0.8671939037782692,0.8717119823033763
221,0.8717475578557107,0.8840215140945846,0.8682926212088297,0.8733176679158271
222,0.8643980256960263,0.8853491337184833,0.8728083212445215,0.8645495501819663
223,0.8579768002983965,0.9015695295592475,0.8708281854548711,0.8613146275912066
224,0.8581172743482607,0.9047601264389594,0.8689633493153018,0.8653266926679747
225,0.8574616106511068,0.8993972135209122,0.8763667154068577,0.8641485180618171
226,0.8565086608131385,0.8959012293623254,0.8775063752080167,0.8612946353118762
227,0.8636115314502243,0.8950419938438117,0.8686407164026806,0.8703240183742564
228,0.8655199517675706,0.8947478274778163,0.8660809958350512,0.8714584435762917
229,0.8638561132591146,0.8874043305494715,0.8669521359684716,0.8628057272972817
230,0.8526657011053549,0.8881981981667499,0.8644657687491772,0.859176060320424
231,0.8643208407050568,0.8938962586080287,0.8652517708922215,0.8606976712354298
232,0.867900020979542,0.8943589205487391,0.8698196962066198,0.8581913331492235
233,0.8681619985860667,0.8887430481585729,0.8723771339620248,0.8591340308082702
234,0.8679667851958983,0.8862538239638651,0.8707215600594155,0.8640160856339859
235,0.8678566019229406,0.8862122841284011,0.8630185984761237,0.8667973724290873
236,0.8679850777892454,0.8862181517540796,0.8629897133334594,0.8660263519661051
237,0.8678682185958946,0.8852357703263396,0.8649869138752907,0.856948196960765
238,0.8677643144437256,0.8866280889772689,0.8638407937187879,0.8568292869240223
239,0.8673544577633783,0.8921615057528146,0.8654302913237147,0.8586801070046894
240,0.867033886967063,0.8938555328476885,0.8723643520440242,0.8566011580507821
241,0.8667601583256621,0.8906065961846544,0.8712398706347861,0.858344656542167
242,0.86649123047651,0.8851548449221409,0.8631887550297066,0.8664549896212355
243,0.8662630193169492,0.885916823727178,0.8617704307159537,0.8660926834982947
244,0.8662239735921446,0.8841901051227609,0.8603482769122474,0.8576804845070676
245,0.8661041029650469,0.8824406024471289,0.8663375126353263,0.8559453336940233
246,0.8661601297756018,0.8874873703508829,0.864112444253615,0.8549958486144408
247,0.8659774804950177,0.8895797327107035,0.8715416774580171,0.8604574358161862
248,0.8635677123241533,0.8879571951672479,0.872868331386435,0.8684869278360652
249,0.8522756404335541,0.880862669850537,0.8667855391567081,0.8666630385328207
250,0.8503177025313895,0.8813912346217436,0.8604934402059178,0.864519759339461
251,0.8494483910118646,0.8811853424188909,0.8604054423207508,0.8552053224523406
252,0.8471502361930268,0.8806568234624774,0.8648948306564064,0.8556336928179903
253,0.8486353008834178,0.8824967227630959,0.8688562746871129,0.8532454827718386
254,0.8579674779937821,0.8859214843678556,0.8712384960438385,0.8570466342944766
255,0.8580325757560979,0.8867107420531969,0.8726875825660236,0.8557075615107507
256,0.8497503881655711,0.8871261817003141,0.8677715488740106,0.8568080267301899
257,0.8456716182398681,0.8876925790540567,0.8599533907989899,0.8644072075151459
258,0.8453494500584405,0.8880343307448686,0.860217782800811,0.8660862371299505
259,0.8453672670088289,0.8884029077699476,0.8585176296203962,0.8584419615122689
260,0.8456217633570162,0.8884684691091393,0.8567789701807598,0.8531488079855593
261,0.8528099130223724,0.8884456696609986,0.860533279551573,0.8552585317757614
262,0.8540991534954674,0.8880789356291982,0.8649209342884233,0.8527183439119226
263,0.8532583286973818,0.8881724864989068,0.8599768186075868,0.852242585482158
264,0.8421369075271312,0.8885027413706242,0.852479089701416,0.8574197061905632
265,0.8412590297238414,0.8883635376072883,0.8532296371908683,0.8597597762544106
266,0.840965951854062,0.888614121957255,0.8528767148716224,0.8585682268609727
267,0.8416471976687849,0.8887290118128346,0.8521048335476273,0.8502190596332713
268,0.8438883153365492,0.8887817650215873,0.8582211412339078,0.8493011797820292
269,0.8512096426399289,0.882917707722609,0.8599935023342286,0.8492489886308224
270,0.8503441880140088,0.8769907019331715,0.8607911733326864,0.8475563492724861
271,0.8425094548398409,0.8783322893286643,0.8611132116798845,0.8478615560792296
272,0.8398540127742934,0.8761066193020116,0.8616062971802191,0.8550929730617856
273,0.8395455777613249,0.8746829783459604,0.8625460893338562,0.8565195913980784
274,0.8387517228424118,0.8802178183136911,0.8629843878422829,0.8569758019903307
275,0.8379859477681648,0.8824495771575266,0.863018705887695,0.8581393183821439
276,0.8463473404815511,0.8805784796547325,0.862984775647877,0.8588818839134564
277,0.8488447759078559,0.8729665949612759,0.862771398182414,0.8596398763969881
278,0.8444333187899743,0.873011952892218,0.863021283654426,0.8595532047715969
279,0.8400281529799644,0.873004772614472,0.8634084559651731,0.8598952386569423
280,0.8408474860919415,0.8720578169092275,0.8631622055863993,0.859667766926537
281,0.8475381752745168,0.8722822055684857,0.8635129468665949,0.8592663623716911
282,0.8485294832885378,0.8773764604575288,0.8638641531378249,0.8600368792887223
283,0.8486349464249204,0.8741029990117475,0.8637621826903373,0.8599439573513462
284,0.8486425697810136,0.8820800279151901,0.850256964092098,0.8601862094077605
285,0.850311667415524,0.8806499676049792,0.8489941772044395,0.8607339762896059
286,0.8507430889076036,0.8850732025833004,0.8506446696515397,0.8610485759732295
287,0.8510393563611977,0.8859186963019354,0.847005217977581,0.8594598853225625
288,0.8511411136957996,0.8835752096836362,0.8475169522211834,0.8485970310356583
289,0.8511962082791186,0.8756051944745615,0.8553889537978676,0.8447248460782806
290,0.8512987076825288,0.875296538077205,0.8568529670898649,0.8475855872946945
291,0.8514214095951993,0.8744628461229391,0.8481366898804102,0.8445526773873258
292,0.8514332666060752,0.8734195152292104,0.8439103580774667,0.8429468651182577
293,0.8518084363002117,0.8764853191142243,0.8443241394129378,0.8515296473882137
294,0.8520197689057561,0.8792982562131082,0.8452580311752929,0.854019323846403
295,0.8517588081187365,0.8798813353214431,0.8430619397098187,0.8523339142656706
296,0.8498715433061297,0.8800286985962299,0.8482020898672115,0.842098864446864
297,0.840024822401634,0.8803140882771879,0.8479857093904973,0.8408184743010713
298,0.8368421632040131,0.880594759752102,0.8565668651658213,0.840172434519958
299,0.8372106359191469,0.8806477454612347,0.8537118163122076,0.850972044030513
300,0.8366415301655481,0.8803509836452816,0.8593247860120818,0.8467451942224193
301,0.836208513815931,0.8800839996708191,0.8607836832094705,0.8530687934778355
302,0.843559259142587,0.879820952602057,0.8585362007272754,0.8500425588149554
303,0.8364662850026641,0.8793138529474099,0.8501702821237921,0.8566039658605178
304,0.835334974263141,0.8791666709788124,0.8498676585213011,0.8579901105830756
305,0.83543960898995,0.8815560213754235,0.8487449130381235,0.8562637039057301
306,0.8327630898067134,0.8789241068130809,0.8473675439004391,0.8462447347797964
307,0.8330512079872087,0.8761646452294208,0.8476102886545828,0.846474566443231
308,0.8429486690592458,0.8679751866540605,0.8587221281887779,0.8451470013866722
309,0.8364570971119083,0.866111195201427,0.855488270352519,0.8436262252949605
310,0.8322136601006943,0.8650864404368696,0.855515550735522,0.84270448898331
311,0.8331461238833316,0.8630865129233808,0.8557650234605586,0.8506754115528526
312,0.8339377295818164,0.8636008853522199,0.8562317013172943,0.8514578315770547
313,0.8334187274904831,0.870411620432864,0.8563047667441703,0.8518507792143535
314,0.8404648084435248,0.870377510288537,0.8563134367123973,0.8519960481763856
315,0.844144549727305,0.8636902978988964,0.8562471576790611,0.8528766174885851
316,0.8431109785413781,0.8609980456149489,0.8560503704284279,0.8536039209931555
317,0.8347278502648394,0.8606663761522078,0.8558626933300447,0.8537644890767674
318,0.833189540584498,0.8595938234764618,0.8556496084087377,0.853013328659649
319,0.8332002307290434,0.8606670369162591,0.8556493930850807,0.8527890343184817
320,0.8319975820248504,0.8648640261124418,0.8555704361009406,0.8524014179255631
321,0.8327348642965807,0.86623010052856,0.8557358891530116,0.8521530910136464
322,0.8343870923912257,0.8640969794732632,0.8557370430677883,0.8520158307171477
323,0.8296170750100782,0.8568238040613181,0.8554731080561244,0.8520024292853109
324,0.8290491685611472,0.8563831514530766,0.8479552449081328,0.8521195957804203
325,0.8352234262202735,0.8551614572390157,0.8407148928923451,0.8520816633491031
326,0.8332837101318908,0.8551134809993088,0.8500230216673528,0.8519645138146046
327,0.833631131973332,0.8586152708101883,0.8465105313772464,0.8501086644163024
328,0.8400872495922119,0.8623079196180045,0.8386890474361163,0.8399726276243921
329,0.8410780780288644,0.8606544324643639,0.8350355217229346,0.8325553467979392
330,0.8416064226274415,0.8549186982489246,0.8349267773279189,0.8417628449789513
331,0.8418851825429515,0.8586812810215437,0.8335787199342044,0.8424625907081795
332,0.8420967128118649,0.8563425411902689,0.8345172338245266,0.8316740947877054
333,0.8423586186851154,0.8551660945079984,0.8403235018157376,0.8308439020055834
334,0.8450954340351559,0.8614900194321966,0.841597564303119,0.8297260599221973
335,0.8487259426675576,0.8609353966193025,0.8406062686671109,0.830120261866084
336,0.8504684575937218,0.8538059451353955,0.8319050572006913,0.830601416736577
337,0.8496821484233258,0.8515574966176848,0.8313336136391513,0.838592919290698
338,0.8430766038055856,0.851334737855263,0.8296597563999786,0.8392081726289551
339,0.8434946842457648,0.8503478140392373,0.8291668168963184,0.8301345694770284
340,0.8461025072568822,0.8500687621651114,0.8311123012995787,0.8276083997462079
341,0.8474321265501845,0.8555950811855703,0.8378774351781108,0.8283749329227237
342,0.8476557774800109,0.8569551598784465,0.8355763013926218,0.8251092645547569
343,0.8511850447476138,0.8572294230719286,0.8375429805817668,0.8262803195608585
344,0.8517783944470723,0.8574376040934234,0.8350560351080896,0.8332062046882878
345,0.8459812010691355,0.8589383027668445,0.8343103432470742,0.8354121112792694
346,0.8440532878089668,0.859270895605208,0.841146453208636,0.8343098900338406
347,0.8448137503832138,0.8595003816749778,0.841328210765037,0.8324450971800965
348,0.8464935413632617,0.8596494666237633,0.8330150687301869,0.8345105872864471
349,0.8460527968022601,0.8596626645833076,0.8301161042896897,0.8369410249152398
350,0.8483945421135235,0.859632507698694,0.83009738125637,0.8386272904827244
351,0.8496844058227565,0.8595847058793592,0.8292881251471292,0.8320422680635742
352,0.8485682091205462,0.8596192289290223,0.8341448577289401,0.8251496504481131
353,0.8427396304701351,0.8597696469023072,0.83644051603018,0.8254982394774376
354,0.8425317945209558,0.8627741834454246,0.8369137038555025,0.8251036626711015
355,0.842147397130038,0.8597764250879294,0.8373161993530635,0.8361102340408442
356,0.8409708303395264,0.8560888196037232,0.8376444901539212,0.8329521493947137
357,0.8404617614768268,0.8465715894060974,0.8386231175062993,0.8331804650945812
358,0.8457153879074293,0.8453237000822852,0.8391788935715362,0.8335961012020571
359,0.84658377873252,0.8445193879798384,0.8398586402044199,0.8342715234523967
360,0.841331541979687,0.8430543032782084,0.8402553986654734,0.8359202776491657
361,0.8392337875389084,0.845022929342495,0.8403941890000581,0.836537103955015
362,0.8400162491148324,0.8506431610248705,0.8405660681845829,0.8367509252485098
363,0.8408594015962877,0.8499061451898952,0.8408043431033831,0.8369109163211074
364,0.8415436453297365,0.842728359202064,0.8408675500190397,0.8371532779824211
365,0.8438020091044859,0.8411700293357983,0.8410406235727658,0.8372061317498076
366,0.8459150684848271,0.8386304593927021,0.8412381724852613,0.8373924440628202
367,0.8462726644688506,0.8380205586294407,0.8414519549210826,0.837569392139689
368,0.8465867697284121,0.8459039012962241,0.8412164210613549,0.8379438009821321
369,0.8465888732768658,0.8481332943783597,0.8378241464609069,0.8382269393956805
370,0.8468440433240743,0.8434765279083097,0.8255104783262672,0.8381576744758954
371,0.8476641640567971,0.8366424811087896,0.8245721216393466,0.8380903597990501
372,0.8478552448224738,0.8369693869475998,0.8230802704279501,0.8228615775271912
373,0.8479114870470722,0.837640681901925,0.8233600122544488,0.8209211147718495
374,0.8479367388335952,0.8363707782008009,0.8312522157946213,0.8203187657275054
375,0.8477305829673331,0.8397267060431493,0.8332762469067583,0.8192553540284832
376,0.8477648807174468,0.844883549896169,0.8287387838271167,0.8238273637699469
377,0.8476678970900966,0.843639321154534,0.8214441849084011,0.8287316336346161
378,0.8476107798510832,0.8423991789120056,0.8226788758867383,0.8285141474297327
379,0.847614413439643,0.8423160776323021,0.8219430103056475,0.8198806236306994
380,0.8475954521413762,0.8380727455728801,0.8201641268116242,0.8184223364694773
381,0.8474722952864194,0.8354992671449121,0.8212371525895232,0.8203065987659114
382,0.8583459187185337,0.8337602429748995,0.8294098032811411,0.8189857733102405
383,0.8543919478314352,0.8340349951660199,0.829535275232454,0.818159506894264
384,0.8573809179348627,0.8335882105534813,0.8214519741326196,0.8253769763616188
385,0.8615469842826995,0.8322640884892364,0.8191528536257325,0.8275197205768178
386,0.8612335372532358,0.8319815925761109,0.8189600088966208,0.8265116897732115
387,0.8551053157061235,0.838770660983684,0.819845187019352,0.8183005141489467
388,0.8547729049781597,0.8401874975513658,0.8197293259493891,0.8186662436720521
389,0.8548990116912631,0.8407778811056575,0.8259205153543775,0.817316526968891
390,0.8540616766084211,0.8409341487425928,0.8238788682475847,0.8170224459727702
391,0.8534142161931667,0.8410744549893949,0.8255877179873331,0.8180060381097136
392,0.8585490750481278,0.8412569627158201,0.8251928156498883,0.8224479364133818
393,0.859145398279239,0.8314914306203985,0.8218063868186088,0.8233768416926367
394,0.8544255840836195,0.829857061113333,0.8194316519128096,0.8234989410368256
395,0.8498448654857577,0.826393525072769,0.8182312985694076,0.8199100873259116
396,0.8508109244585964,0.8315101924815329,0.8185585642875821,0.8176866053238928
397,0.848838793440684,0.832081218277223,0.8186865867067212,0.8164030161870419
398,0.8427808445770859,0.8303004999276337,0.8177483567452104,0.8166314548303568
399,0.8467780110028151,0.8196621081033686,0.8165893011428794,0.8164670306199101
400,0.8513953113345193,0.8207542087923219,0.8232891321993886,0.8154578024016227
401,0.8495502234015764,0.8188534687254326,0.825165188118914,0.821969152457941
402,0.8406612755666958,0.8186388226161885,0.8259459698176081,0.8237775318967411
403,0.837178353605022,0.8251360423216495,0.8264190875504788,0.8249259722363255
404,0.8356006290821908,0.8254175674599918,0.8267281031029998,0.8254947640576895
405,0.833965857092749,0.8177314339908353,0.8269172675886896,0.8257707754775296
406,0.8348115909518548,0.8140431656128257,0.8196023198472318,0.8261385128075538
407,0.8430759608900412,0.8135634057337601,0.8254406213852297,0.825191342091817
408,0.8445951462339836,0.814402924422756,0.8270880783503917,0.8246395043474334
409,0.8489357666680931,0.8139357410602273,0.8225454070978484,0.8258959987835831
410,0.845883893197847,0.8157613837508989,0.8193527734693442,0.8254528675251578
411,0.8463638238160446,0.8216897976749252,0.8216938936334909,0.8226604518324147
412,0.8465864531154247,0.8208724002336135,0.8235179483537176,0.8227179711064092
413,0.846609302566199,0.8104457504424423,0.824463719713228,0.8243848660271257
414,0.8455752287025373,0.8058125692554031,0.8257910563284153,0.8239264964178092
415,0.8446965909377728,0.8083381691193402,0.8296746583785196,0.8285705080231008
416,0.844190640596037,0.8094801363697417,0.828958368346224,0.829525219696619
417,0.8436574605789977,0.8061224176448333,0.8232944348421045,0.8261167176058148
418,0.8432617055907351,0.8148969188461742,0.8211445420738784,0.8222845712456445
419,0.8431268173667144,0.816762949619621,0.8229601425217394,0.822328774338578
420,0.8428435034314945,0.8150083798766204,0.8223418837534359,0.8222054032370882
421,0.8426551632138599,0.8036801959547026,0.821097643971285,0.8222199740095143
422,0.8385275079317887,0.8037153508434055,0.8263322647930414,0.826754196451503
423,0.8255268933269776,0.8057325383752338,0.8273282997096707,0.8270036060062285
424,0.824907713347808,0.81209064489009,0.8255054101132413,0.8207516543634656
425,0.8291371374229858,0.8135442756157433,0.8186866772993168,0.8188612740237025
426,0.8273983871648494,0.8139182834399894,0.818519428377233,0.8192935368458238
427,0.8261329738788875,0.8142593929238914,0.8182100442458364,0.8225536687695463
428,0.8216414671870363,0.8143539692782881,0.8177413041284278,0.8180851786227575
429,0.8286831657421407,0.81469571715511,0.8173469355378105,0.8243284963454607
430,0.8315429824025478,0.8153034526667733,0.8231385698818153,0.8237169962642562
431,0.8182003381807346,0.8149992223979209,0.8241810936523325,0.81730149304695
432,0.8145165626759773,0.8147684477446775,0.8195315012428412,0.8176223308308672
433,0.8123719866943705,0.8144931460720817,0.8155294954925815,0.8175280573125792
434,0.8072857904022824,0.8141372615611332,0.8163079436528633,0.8183420746649575
435,0.8095348760990896,0.8137121019700588,0.8159992645892437,0.8226077295004549
436,0.8176201981051054,0.8134016777268451,0.8175268472700765,0.8238181552931975
437,0.822132312961926,0.81329120466452,0.817890254592577,0.8243378914009056
438,0.8212878555375754,0.8130994801577636,0.8225338830428569,0.8247406442186358
439,0.8134017450899527,0.8126985353931065,0.8232455372576649,0.824984891512162
440,0.8122519860660005,0.810615299931037,0.8236316711486397,0.8254955909901894
441,0.8111913950680477,0.8084553367602862,0.8237755017237132,0.8264281961098073
442,0.809301068501163,0.8120305447628344,0.8239759133227816,0.8267812122609308
443,0.8101611566306468,0.8128517005996923,0.8248835162631292,0.8268580001728439
444,0.8176515393413101,0.8103270079332449,0.8254573749989208,0.826949662575618
445,0.8197757689942351,0.7968652335863843,0.8257322457510843,0.8269601153756624
446,0.8145169174461723,0.7964239994187436,0.8257918326290137,0.8268682122777791
447,0.8082843201107328,0.7966345435276317,0.8257225801022887,0.8266649520352952
448,0.8073763073974728,0.7957705855699524,0.8254863476017441,0.8266523600599648
449,0.8051012099071527,0.7946479624858989,0.8254659893370189,0.8248558446883739
450,0.8040413619182876,0.8036168517206955,0.8251836603810551,0.8268476630576677
451,0.8066145332004414,0.8053016763751178,0.8255330973827899,0.8235392346212168
452,0.8128856255523548,0.7999509571908198,0.8254681856085808,0.8280716301170256
453,0.8119398072207376,0.7910430043852932,0.8251663352525846,0.8288714682313938
454,0.8043053950669019,0.7927420985142845,0.8210028630090767,0.8275495928563817
455,0.8038545818408872,0.7912530579717878,0.8215693687473121,0.8203931356643317
456,0.8042208369812136,0.7891903775166486,0.8237757494127402,0.8210920232946247
457,0.8036729259277576,0.7887338924103927,0.8249205693235072,0.821219473700099
458,0.8025454957516123,0.7986222587024273,0.8152182029073981,0.8201051161278426
459,0.8091527654518107,0.7999279273656466,0.8145249700976913,0.81878426705753
460,0.8107484030142275,0.7894228321664848,0.8163370929636893,0.8240656496026997
461,0.8093042995340322,0.7835340022394766,0.8148027197860569,0.824681383898026
462,0.8013514731431781,0.7849990378097814,0.8138177476730039,0.820493468117828
463,0.8012285267652484,0.7824392361129525,0.8199071864289047,0.8163166534357795
464,0.8010994343611705,0.7865424331935518,0.8174468080813186,0.8177888897936674
465,0.7997236232711559,0.7874227168993801,0.8109810085036809,0.8172430380728486
466,0.7996211729255531,0.7717615828898279,0.8175112899228042,0.8170007662473467
467,0.8061407470386126,0.7623724939747425,0.8116158507167753,0.8169198968996955
468,0.8069395635278245,0.7619506745525642,0.810925101522535,0.8214840248760634
469,0.8073834276533598,0.7597810790626219,0.8164831876227514,0.821470109039812
470,0.8072897620398944,0.7580222787039379,0.8173457637220595,0.8154385334530532
471,0.8070019244190754,0.7655567290700039,0.8136833720615629,0.8137997947236906
472,0.8070752301643578,0.780296805293192,0.8136326507396188,0.8146734981573628
473,0.8119663416536206,0.7819040499741651,0.8068429993503206,0.8137407201508094
474,0.8070070627196909,0.7827026990445167,0.8064606908087224,0.812777775467298
475,0.8112247462088481,0.7836341797038253,0.8058582511419681,0.8174305505969162
476,0.8062687625000388,0.7854536158689558,0.8123532043712949,0.8192782577184089
477,0.8057085535276853,0.785797372818674,0.8136329900884142,0.8181761165799424
478,0.804799513881642,0.785923654227506,0.8095420173107053,0.8115689081761848
479,0.8040388898587799,0.7845755451104728,0.8022045962182796,0.8107699141356791
480,0.7995737455762585,0.783930754164572,0.8031117161415514,0.811184636668763
481,0.8030181296530664,0.7835210011837346,0.8035959716416848,0.8110724000280222
482,0.7984738622722019,0.7831129924350314,0.8029189606276828,0.815368695331362
483,0.8029250057468942,0.7827390504044806,0.8030269577094801,0.8165031218837596
484,0.8045105573538056,0.7829423930485968,0.80917087598765,0.8170357530354365
485,0.8021832087589925,0.7826747284972504,0.810177697240983,0.8173016474911768
486,0.7947940462990449,0.776916549294428,0.8105072500449344,0.8175259953658791
487,0.7931468457289012,0.7679939286130141,0.8107645762679647,0.8178803569432684
488,0.7924529469112237,0.7834182863388225,0.8109128020611948,0.8183868849425062
489,0.7907267185813138,0.7760336119826599,0.8114686213253176,0.8183582141060606
490,0.7905437989550802,0.7587943385257627,0.8117099543260815,0.8181793302790331
491,0.7955214385749967,0.7507536961665779,0.8115080921581632,0.8180638984656845
492,0.7969380077076348,0.7503349391118008,0.8114362290938838,0.8177785953776537
493,0.7947683933987634,0.7496067241503853,0.8110525254148341,0.8175445999152998
494,0.7850542909937103,0.7561252578552785,0.810827220279145,0.8173916788982715
495,0.7835531350477678,0.7636465241689959,0.8105033290651003,0.8173798218679482
496,0.7855191569789715,0.7626935045200076,0.8104548571949854,0.8173329061734201
497,0.7848436640343569,0.7477199908773656,0.8103572170199315,0.8171039568671107
498,0.7808160686277392,0.7407300587100193,0.8101143425499022,0.8176993958319241
499,0.7789563838248824,0.737634553301406,0.8065400913871977,0.8143927409518328
500,0.7806670649106038,0.7618486786098562,0.8073101320213426,0.8186770012426835
501,0.7768384001087415,0.7518350773015191,0.8034032075563063,0.819022654819306
502,0.7776651860215104,0.7509888012835085,0.8101992979435684,0.8173617121306704
503,0.7846697500770423,0.7586201289732576,0.8112490662357855,0.8103408341562762
504,0.7845901763331944,0.7660796950815122,0.8087864470781525,0.8094164665193425
505,0.7764315900809377,0.7643678410035072,0.7991692551000777,0.8074443219912348
506,0.7743852706199095,0.74974274297233,0.7989125082331825,0.8067952520821879
507,0.7761086830315955,0.7433935590696923,0.7979047392928205,0.8068585954436752
508,0.7755946824567564,0.7426979761960721,0.7973415412249704,0.8130389974801061
509,0.7737822418641271,0.7385780749794597,0.7976431280648998,0.8140960355698965
510,0.7778614045286617,0.7367403490617515,0.8043023560028868,0.8102655560609419
511,0.7803217499696241,0.7440538409183328,0.8056066471750661,0.8051751233103208
512,0.7804973630234651,0.7527098286111654,0.802351361523639,0.805776559115786
513,0.7807024436089121,0.7530204923464553,0.7959821940987093,0.8044996768090069
514,0.7813667789440144,0.7393531442028974,0.7946696410470356,0.8030832237563177
515,0.7813755515382987,0.7322713907581524,0.793479003460785,0.8029341327852463
516,0.7814978483770271,0.7313486083566577,0.7931456575851735,0.8098925721584145
517,0.781533460871568,0.727743450853438,0.8001319579848287,0.8107205970004654
518,0.7814636948209633,0.7256087982401693,0.8014339381165962,0.8024102263855398
519,0.7816564003111579,0.7301354239844273,0.799244912106358,0.7989137238815196
520,0.7816325202541549,0.741640097872947,0.7892592169281861,0.8007132993843656
521,0.7812106021599816,0.7432601648006693,0.7899240759007012,0.7978996194735005
522,0.7812242155428866,0.7291766225585237,0.7893006489624581,0.7897775133634642
523,0.7812788460274749,0.7260791924190405,0.7801779431834991,0.7943144503469058
524,0.7733430766352314,0.7290329734033383,0.7783516513491996,0.8020008026619094
525,0.7656651877815016,0.7265273980354658,0.7900107601101009,0.8008200234329981
526,0.7707322948049005,0.7245403932891189,0.7925322882754962,0.7882754201607732
527,0.7716131271208682,0.7247491470083749,0.7886257638426483,0.7852768694451224
528,0.765215431240082,0.7382837577593928,0.7732424955931841,0.7795279838899433
529,0.7640804389926092,0.7403724827295814,0.772345244702753,0.7949728261568944
530,0.7637049721377178,0.7318653779423387,0.7740710711671392,0.7969498767635468
531,0.7640267257922695,0.723396532559819,0.7806788278781323,0.7980366464364005
532,0.7634589455171178,0.7246412625814183,0.78433247175446,0.8038537202921453
533,0.7678445264007414,0.7232054206513382,0.7860074500756,0.8010446208076951
534,0.7691067721150822,0.7219557997718327,0.7869516502809317,0.8009582087720662
535,0.7674239295508335,0.7214673781031811,0.7875575254294173,0.8008469855841507
536,0.7604487175799202,0.732974158852526,0.7883740687735602,0.799757594351788
537,0.7585342124212943,0.7351858857981746,0.7894370438529869,0.7994526621333183
538,0.7596570758861073,0.7365847379609342,0.7897421947374619,0.7991981713084266
539,0.7587676485403039,0.7370890802379174,0.7894318718428184,0.7988928555918309
540,0.7581664457416737,0.7373502989812679,0.7878950167627811,0.7986731017374546
541,0.7623814546047841,0.7372699160880719,0.7874930094846877,0.8033250911388377
542,0.7628748781225881,0.7370118032626984,0.7870889632559531,0.7939692233950968
543,0.7608198391305507,0.7380352078283875,0.786712038227407,0.7896255278200821
544,0.7530963753028624,0.7378806252257247,0.7866766677954602,0.7859647431527792
545,0.7513288715850612,0.7376541179415367,0.7867144636415885,0.794116097275614
546,0.7512258155383693,0.7375079330353209,0.7731832313927512,0.7964779022636105
547,0.7495767981930052,0.7376321537267414,0.7689557741521185,0.7942930872575941
548,0.7497388706093451,0.7378868021963262,0.779260188783599,0.7849375086558938
549,0.7580946092887058,0.7341242015260198,0.7820417370292604,0.7777281946988344
550,0.7596870645402103,0.7241094919659857,0.7790101521549581,0.7754525989091201
551,0.7602521192372212,0.7262911323000535,0.7635333056180497,0.7728930486404744
552,0.7509328667943179,0.7332775467394287,0.7610662040180411,0.7834467029136414
553,0.7518453749240838,0.7321506865830814,0.7601047888694664,0.7870526948764616
554,0.752609319361439,0.7157541272586159,0.7578575677078879,0.7849217223956301
555,0.7521488382710485,0.7112419800664831,0.7563467792692502,0.7721533114087872
556,0.7576655768416383,0.7112245402970345,0.7678951247139061,0.7688659374284791
557,0.7601216566609367,0.7090309825700941,0.7714718114225799,0.7705702359987496
558,0.760917102800391,0.7062059663856922,0.768525268572125,0.7682855492041532
559,0.7610970017468206,0.7058121814456407,0.7538869704296216,0.7674010679638114
560,0.7613556746453449,0.7165116585730658,0.7509117274491249,0.7691856656992223
561,0.7614744313205185,0.7186290504748628,0.7617322343537233,0.7709308830624195
562,0.7614643671291453,0.7163108132278154,0.7566545728565582,0.7674030369599123
563,0.7612917480935049,0.7007481748520712,0.7543801950476487,0.7672887422566045
564,0.7610045556188095,0.7005663384644673,0.7560434110033333,0.7644744253661355
565,0.7611165230730795,0.6973098578319156,0.75674031943025,0.7635470177089823
566,0.7609107927306841,0.6970922305909684,0.7506394859451293,0.7652236832663778
567,0.760582801033734,0.7109233300451101,0.750349106587949,0.7652523936918344
568,0.7674514974929552,0.7005336229560716,0.7467891425105935,0.7612723770288919
569,0.7568565986700001,0.6926965515174311,0.7443882935373495,0.760466703991934
570,0.7618051414853724,0.6894139032369453,0.7457518886047443,0.7576353284566648
571,0.7558373124765053,0.6939540090522497,0.7564236775402557,0.7565915153697711
572,0.7555236032727726,0.6971776749719912,0.7588542288098321,0.7604733366662252
573,0.7602851691591593,0.6946259219549872,0.7492461223663265,0.7681911490607758
574,0.7597932311706614,0.7005028629325811,0.7416090185403813,0.7682438189430439
575,0.7512418352993989,0.6908375758491507,0.7405806747324122,0.7569156957724665
576,0.7458840575885357,0.6937959189236601,0.7366318902879424,0.7556760819174402
577,0.7462905940901787,0.6927860110739764,0.7351183434821669,0.757518471022728
578,0.7463215771536104,0.6925368801938,0.736543884908192,0.756104590623687
579,0.7442924492091234,0.699681255565868,0.7468309313183715,0.755333151345064
580,0.7457068719270835,0.7021715451217765,0.742780554471109,0.7588408910527061
581,0.7547097371953656,0.7028368737449345,0.7345695953182472,0.7658546877731549
582,0.7551173965787387,0.7037627896427952,0.7363073432431402,0.7661517293528095
583,0.7481916597261973,0.7038415958219216,0.7363473374544576,0.7568510323745327
584,0.7430339948549266,0.7048156644479205,0.7352096225909055,0.7544986771829735
585,0.7421378197863633,0.7055004794933775,0.7346378212640784,0.7548340469505067
586,0.7431246847260593,0.7061016252049335,0.7440789377044622,0.754102304993192
587,0.7415940127142081,0.7057539291158456,0.7458259073809445,0.752699976357584
588,0.7427340427530937,0.7057118996548987,0.7441687270983314,0.7571094223305659
589,0.7498030615048821,0.7059425734363092,0.7331928695566666,0.7628397970137407
590,0.7509495988876358,0.7067205215776072,0.7335131514071709,0.7638854658396913
591,0.7475930394871735,0.701656908644195,0.7327752734562529,0.7644166597851937
592,0.7158925001619686,0.6936529806926799,0.731309390249223,0.7645778013719121
593,0.7425579793693222,0.6818643397554407,0.7298232740983832,0.764592932673709
594,0.722462171682451,0.673476056861822,0.7386866145311242,0.7647840902975477
595,0.7150887823356723,0.6744338082826303,0.7412765035013812,0.7651161188747584
596,0.7232914714275833,0.6740264352295162,0.7415394759561474,0.7665504781042376
597,0.7234919846301624,0.6732837002144133,0.7413746961354156,0.7663471078851646
598,0.7074509060861914,0.6726910285144644,0.7412233421646268,0.7717584034876794
599,0.6897115720427754,0.680873259135916,0.7410309407120814,0.766564604493337
600,0.6851654594311776,0.6834298746029,0.7419045572316284,0.7658647494748332
601,0.6812699928248697,0.6826027197151666,0.742312677344192,0.7621597510357229
602,0.6822793867404593,0.6697581332545061,0.7420202658603382,0.762541259888873
603,0.691558439321318,0.667113240879948,0.7418103816856829,0.762085234550289
604,0.6939435884262181,0.6676812719742216,0.7412452215310207,0.7656786893868083
605,0.683641061603603,0.6687023916356937,0.7407062858339405,0.7528841750887323
606,0.6724868910936823,0.666877904225157,0.7350975342802354,0.7496567498961239
607,0.6702227400833978,0.6674889805534373,0.7413168182837435,0.7492835208550616
608,0.6668106595180893,0.674815562994053,0.7330478257002997,0.7486131071904745
609,0.6638419530971359,0.6763431298642547,0.7353980099074349,0.7466305643925121
610,0.6568493044434636,0.6746699099473777,0.7399847641812013,0.752997316046876
611,0.6693089037917921,0.6602249185947491,0.7391568463290314,0.7570257741199722
612,0.6738776423927217,0.6587014929081516,0.7280534391807817,0.7559785102780022
613,0.6736346358685982,0.6605605790906894,0.7233427406146199,0.7449766543398365
614,0.656901598200302,0.659386229504324,0.7208443370091177,0.7422533324599169
615,0.6503080497449525,0.6572916884058445,0.7190706336136943,0.745700883582989
616,0.6505015410852962,0.6596968703369314,0.7198775412777854,0.7421395296808964
617,0.6482588797360413,0.6640907181075071,0.728350440172642,0.7426581491116973
618,0.6451124988957273,0.6616718059506103,0.7160756881716546,0.7447064145830278
619,0.643563087647543,0.6630684302451529,0.7143550181734994,0.7463900189243816
620,0.6388784459007819,0.6652835260627414,0.7152510656185738,0.7381463951858475
621,0.6371417981621958,0.6657295822421195,0.7129296797806091,0.738835347809454
622,0.6383394430384781,0.6654486069226224,0.7112922794273494,0.7378308402113029
623,0.634313996954808,0.6745709529457937,0.7180472405126235,0.734738653785171
624,0.6346431685781001,0.6770862772650461,0.7218620745273748,0.7343945288830026
625,0.6411533256183588,0.6783093202350904,0.7213008859487372,0.7435619040923145
626,0.6475243631143952,0.6791589807602412,0.7099810093267396,0.7452089781093935
627,0.6490390676518906,0.6792959190528908,0.7059109889966577,0.7401872662099004
628,0.6447668704426069,0.6796741789318855,0.7066663830610471,0.7325241382470914
629,0.6471403901510792,0.6800554097946885,0.7063193986868479,0.7326313334159014
630,0.6450254078431112,0.6803470878999033,0.7039954804963964,0.7325958422463692
631,0.6485270856677611,0.6804434116632715,0.7035540561863247,0.7301353813024867
632,0.6493796774636367,0.6803608862765029,0.7136335546331872,0.7376929822570174
633,0.6471040359010767,0.6802362556284122,0.7152811327286918,0.7411627543239517
634,0.6503045884532983,0.678129596360245,0.7129498794768888,0.7419641442934659
635,0.647763238781883,0.6748320447662411,0.700858731924541,0.7421203166188473
636,0.6472142887440652,0.6702678970954957,0.7029330269031668,0.7423336514553794
637,0.6461783811456133,0.6804016302879266,0.7011446122046099,0.7424587993984578
638,0.6449556046195808,0.6804969049762642,0.7012570636412858,0.7424283024547719
639,0.6436552842959907,0.6786167279654847,0.698100881340473,0.7426090002504113
640,0.6535514741631632,0.6647842506944717,0.7181626848309339,0.7426585641429485
641,0.6496314134354618,0.65859019655299,0.7099649740652269,0.7427842863880461
642,0.6468788869731203,0.6598227431776976,0.7101216432879499,0.7430511362109165
643,0.6451645031113726,0.6555893049166017,0.7102858490527184,0.7430228683142492
644,0.6446678879555525,0.6549451129872605,0.7106347821608426,0.7427046206904061
645,0.6420922708021162,0.6553833871282857,0.7110442961263486,0.7362676839457051
646,0.6368653137358469,0.6684985906178,0.7114134560259997,0.7345995814373735
647,0.6337759916417189,0.669473512237502,0.7117503323805892,0.7343762350624679
648,0.6314647798138664,0.6679736059151751,0.7119323050819353,0.7362839279809049
649,0.6298155598189454,0.6530811054607235,0.7120264036991503,0.7372404652505541
650,0.6268946188157931,0.6480577319935626,0.7120738085218986,0.7292190158840866
651,0.6326051717944601,0.6482212753003804,0.7121172346038485,0.7228571294043805
652,0.6320188716124314,0.6442570803633654,0.7054885428702218,0.7223906958251555
653,0.6231243661646326,0.6423733926913836,0.7092394516070334,0.7304767258110316
654,0.6192976328766476,0.6435102484770177,0.6976537631221414,0.7317318094990459
655,0.6140583701263348,0.6568041272352867,0.6961054503009957,0.7301293149100124
656,0.6118779586938975,0.6578419966681534,0.7031857217573024,0.7184918599322422
657,0.609272545629149,0.6562256534609774,0.7043588682956978,0.7184443202836887
658,0.6083144929831998,0.6405650237835552,0.6945761888802134,0.7188202183218051
659,0.6091983530535001,0.6346372991860225,0.6851717002217212,0.7195690495907296
660,0.6062061964315814,0.5976156416996079,0.691729892186969,0.7163047274199772
661,0.6026341409882249,0.6332292865315053,0.6912330728970486,0.7245744438378945
662,0.599733239633204,0.6036181749500444,0.6812501400272205,0.7255653610776954
663,0.5936077611988716,0.5975430107545912,0.679138951003957,0.7236625936461581
664,0.5909408322135296,0.6160392973698738,0.6792670761046741,0.7113363034499443
665,0.5888837485754895,0.6181868097991419,0.6791386845029925,0.711647331531915
666,0.5891585762242733,0.6139184802565151,0.678186474151269,0.7109815277329129
667,0.5891986851712431,0.5836985231446773,0.6778316822990466,0.7110153978100565
668,0.5860415703788597,0.5715849539033181,0.6854363426343234,0.7103522625873507
669,0.5830476418632158,0.56468294450697,0.6853850224245771,0.716204135476024
670,0.5820408384225773,0.5765648371773751,0.6823965879737739,0.721121360481156
671,0.5801834746277196,0.5522140721045719,0.6693906503639255,0.7222201013111257
672,0.5790778907590977,0.5542356720443886,0.6699011129316317,0.7150507333275714
673,0.578145255792683,0.5720840063956971,0.667520189707311,0.713013682335363
674,0.5770600881345044,0.5773206260498789,0.6662812124917493,0.7132664319640659
675,0.578533713421594,0.5488299968933397,0.6732126944959086,0.713666090888185
676,0.5783060006320755,0.5422462621784775,0.6788574199631685,0.7122456174569899
677,0.5792509334988584,0.5405375213632618,0.6800031769039007,0.7136096495610283
678,0.5947542830096283,0.53507697165993,0.6721140321323862,0.7216366298527307
679,0.5870385096111577,0.5323066525130901,0.6686635970700462,0.7225743749964054
680,0.5818522081674956,0.5258209162830108,0.6680737663596614,0.7230775823522395
681,0.5778044821445664,0.5398828383416397,0.6707351516858528,0.723217066972624
682,0.5753845822141521,0.552424078008421,0.6699082804912682,0.7230945862399736
683,0.5722830710767784,0.5563369972882212,0.6689297830717699,0.7231181242394692
684,0.5720810075991591,0.5291107569542387,0.6769054334537753,0.7233214925946557
685,0.5733519048394612,0.5202171267529966,0.6781367769973695,0.723253987699064
686,0.5722890104536097,0.5229880591927505,0.6782617975023928,0.7310156700677944
687,0.5611294505832882,0.5203808062259226,0.6788739307630031,0.7221342798622346
688,0.5560029109590597,0.5180918593499285,0.6791474606985415,0.7206016769674114
689,0.5514529514679972,0.5123401372060385,0.6791516543044657,0.7310749712101446
690,0.5479001264302306,0.5077195573934675,0.6791512098141701,0.7244123957334708
691,0.5457923459220998,0.522782097984955,0.6792257478115211,0.722418282196037
692,0.5439556946729455,0.5009465299909184,0.6785565286803019,0.7287388869093407
693,0.5450784074300595,0.49794251341658124,0.6785414282854704,0.7289742461396597
694,0.5463540198232835,0.49352628618900923,0.6761368432382231,0.7227770431776511
695,0.5458365424967458,0.4951971270042943,0.6800560605358927,0.7160004943814523
696,0.5463552393460184,0.49797266619281827,0.675444699291476,0.7146993948784581
697,0.538793151690392,0.5128622505206052,0.6818233155364836,0.7149279112482051
698,0.5346541816281541,0.512185261325215,0.6809739084184783,0.712366027788013
699,0.5327986443770011,0.5110179100812934,0.6683552104347135,0.7111949414864659
700,0.5309337409256432,0.510356165894135,0.6632075243572703,0.7203839360114932
701,0.5291652847942084,0.509838093087196,0.6615065965378102,0.7212878972653538
702,0.5281678489827345,0.5093875295631256,0.660833694622521,0.7200778708108304
703,0.5303688943681351,0.5103700371510688,0.6581819990155675,0.710341087987057
704,0.5311352463962568,0.5103814591632174,0.658715984098844,0.7052476993868305
705,0.5289237492617929,0.5101179206268017,0.6701235471036997,0.7019357196871876
706,0.5254906408464092,0.5214978726300694,0.6707719978983572,0.7032855063445633
707,0.5192928376349036,0.5133538903406943,0.6692302899186442,0.7028051645209337
708,0.517310206065842,0.5067941153424775,0.6569819982403392,0.722395540811016
709,0.5135179789981356,0.5024938659884791,0.6536572176059433,0.7122055194183993
710,0.5116879270305937,0.4989100086142764,0.6529885840498368,0.7106653487055573
711,0.5098012488619487,0.4974121967466901,0.6512846581380533,0.701880557098673
712,0.5080416334423483,0.49574090424772593,0.6498772667059948,0.6986657825539222
713,0.5060138029271071,0.5085116540174475,0.6521973217824386,0.7198862476747766
714,0.5221199663593865,0.5030686572511822,0.6626186577615961,0.7084610118006508
715,0.5205545923430729,0.502164594942547,0.6516199913343801,0.6852428178789315
716,0.5245402172383327,0.49819072164755407,0.6464506022193753,0.6754445304104016
717,0.525940944036982,0.49263748023009024,0.6910447981406892,0.6883036989557302
718,0.5266826150910697,0.48693394208127094,0.6771598633971313,0.6900484728176182
719,0.5264033807605779,0.48393484306684603,0.6450400853021286,0.6856767834307674
720,0.5263128754411175,0.481664951082142,0.6362126546070686,0.6628199344347607
721,0.5259026650702943,0.48033181041733913,0.6507746427232645,0.6377702567054708
722,0.5252316178107435,0.4782467014823184,0.6227909886675719,0.6348327308558507
723,0.5179242484893494,0.476667336016555,0.6130851968532928,0.6332369591020404
724,0.5244880163922215,0.4818272954380515,0.6059906983907098,0.627686468901582
725,0.5089678056347142,0.4828070396820238,0.5997220467121108,0.6263436864734574
726,0.5000226519069344,0.4761656120740758,0.5974421553089432,0.6217579133425805
727,0.49391500299037666,0.46933952931645645,0.5945261181579957,0.619149686550731
728,0.489230084814535,0.4644878937078449,0.6115546853314516,0.6150027123231541
729,0.48476108832486653,0.48585342407378207,0.6152238343548849,0.6299850455756544
730,0.4808933808847664,0.4566696660308037,0.6161647605644599,0.6351436506683076
731,0.4789087836055262,0.4538628631992068,0.5927571895156255,0.614543289086441
732,0.47634746413750156,0.45032504919951405,0.5859709944082554,0.6109298187462832
733,0.47790016314935824,0.4491833785252584,0.584339236835491,0.6099321803684415
734,0.47570172025948027,0.4520145715567653,0.5804372701738498,0.6067397023987606
735,0.47094333291166746,0.44994061438355326,0.5783745794364299,0.604840494161325
736,0.4726714730311015,0.4517249559905482,0.5711252776072054,0.6004644611180131
737,0.4707048363877121,0.4483413743755369,0.5834217458171949,0.5979757741735496
738,0.4602372361211352,0.4418199760965654,0.5964305470325449,0.5955529089944817
739,0.45771972325446403,0.4397541543838501,0.5693435895225604,0.5934019076971442
740,0.45849181972527525,0.4360436043134557,0.5626820204270259,0.5920674138867635
741,0.4627649981397494,0.42489737522497933,0.5624669618761988,0.5915462012910165
742,0.46399231862754353,0.4220305673408694,0.5599325268694294,0.5957237688804453
743,0.46383567948039306,0.41791186273769215,0.558148976586963,0.6037481782167807
744,0.46458127103337277,0.4167605895677832,0.5515440772289213,0.6069218113756548
745,0.46925393310016633,0.4179042952863677,0.5476411438343647,0.6042467918582418
746,0.4659398288129215,0.42038402590965257,0.5448053143434819,0.6037228942984101
747,0.4607090905041226,0.41961880594344636,0.5419849993630694,0.6033474281613688
748,0.4571893648833862,0.4166152689282603,0.5401104649180938,0.6038046232775496
749,0.4549444104912272,0.4129018980063631,0.5371608229709758,0.60410775852989
750,0.45236376814115137,0.40811919106510774,0.5369479736710219,0.6036074881804175
751,0.4376600686991107,0.4067665120498639,0.5428483451138845,0.6017399377967115
752,0.43466161334206904,0.4061785155099182,0.5504198661007907,0.6019745664078692
753,0.43448629440614395,0.3988243411845475,0.5529071427561643,0.600217803766367
754,0.4323820886584525,0.39397653118502896,0.5502890680887376,0.6170720583471723
755,0.4278261732927102,0.38981047953153347,0.549812704569245,0.6108411745675253
756,0.4267363954984422,0.3827319261199881,0.549441952113938,0.6070315681336035
757,0.42255347631119605,0.3804173007378279,0.549523087632403,0.6039857837547035
758,0.4239735555770657,0.3816059727330101,0.5503843329462453,0.6020148305574766
759,0.40424766419578206,0.38526578737846034,0.5506775694968972,0.6010444892345937
760,0.3963164636458876,0.39016349185583005,0.5505170568898916,0.6063008750706455
761,0.3926468836526899,0.37243752942961955,0.5503917163212163,0.6031936209859898
762,0.3776025842249492,0.36759011220617127,0.5500719277628384,0.6042390134871086
763,0.3690953294454085,0.36091910237036584,0.558997007945024,0.598651689887878
764,0.362560942955619,0.360706871889189,0.554693088021877,0.5948221514897585
765,0.3572725255770111,0.34545526422676354,0.5508561324583554,0.5933021050935025
766,0.3524619973849297,0.3420897834345332,0.5481497520495504,0.5924384564129886
767,0.3478810110435792,0.33644148381708233,0.5464695738308059,0.5913646765251612
768,0.3401568561172558,0.3353214042617166,0.5455883665530706,0.5894164668547316
769,0.33957708055266983,0.3332834633602771,0.5541006551845596,0.590663886419026
770,0.3399209232668857,0.331087218751959,0.5488873142519022,0.5989510590642384
771,0.3439821417409997,0.33337075913853187,0.5494576242451867,0.592858099021915
772,0.3429254822081982,0.34323911946630126,0.5462468874586727,0.5866376324806357
773,0.3399431607781691,0.3412371668683628,0.5414419666271056,0.5818490264288381
774,0.3373867436802604,0.3426365208878735,0.538433915466939,0.57970741220701
775,0.3301694131235281,0.34691963074746185,0.5354642054266012,0.5779388726280255
776,0.3239002202284428,0.3441706854944828,0.5324170904447433,0.5752301204214302
777,0.315166220071769,0.3316230641865293,0.5304061039613297,0.5722519009842322
778,0.3116820624486464,0.3284073351059895,0.5301640481929344,0.5719240338541169
779,0.30266681687744484,0.32972350156088587,0.5320342682226163,0.5749584905990318
780,0.29949203877634684,0.32359836376065243,0.533008047316703,0.5738520782983763
781,0.3026807821048191,0.32245404774091807,0.5256325452578381,0.5753616054073686
782,0.3555590473222435,0.3240689523115354,0.520091826401604,0.5729471791792987
783,0.30936145436648343,0.32070110549726555,0.5157701929996388,0.5679700153841601
784,0.3086143885323948,0.3219196139232055,0.5138964139600422,0.5653537500590163
785,0.30510114342883843,0.3262631889694192,0.5076718666559189,0.5594297703541111
786,0.2956053847057678,0.33004820167189813,0.5040012884018623,0.5559173942380305
787,0.2859878087486914,0.32753241805189615,0.504490141887743,0.5523235530932983
788,0.2830527989548828,0.32656112695541395,0.5070871877323305,0.5512903579811705
789,0.27971048417594113,0.3218552285078887,0.5031777889878943,0.55487291559838
790,0.27701151907411126,0.3165383569137252,0.5037166190235491,0.5519425990385877
791,0.2748802411958079,0.3122141199602468,0.500918205640127,0.5508373884478998
792,0.2723300352620244,0.3095017428935,0.4960511350922277,0.5475317633888376
793,0.26947251352154616,0.30646122656904173,0.491540351531215,0.5440225653403845
794,0.2669838498559095,0.3045553338107845,0.48078681871535056,0.5382958616497041
795,0.2681282905461385,0.3026576489027353,0.47773041255678134,0.5341161092507216
796,0.26961585512337,0.3011399847668979,0.4755363046385882,0.5318097974182003
797,0.2697463882416878,0.30456978569172033,0.47669704877521313,0.5297727699932668
798,0.26693746158958104,0.32467628657918723,0.47857298727380465,0.5277636052273096
799,0.26270611384418113,0.3154385409262654,0.4753354246117557,0.5271346267551361
800,0.2637112944262033,0.30416034703423106,0.47458076921576003,0.5270566751491228
801,0.40424766419578206,0.2987798438630577,0.4708551465184786,0.527046232279781
802,0.3963164636458876,0.29829287693492273,0.4662615014237119,0.5530563375143625
803,0.3926468836526899,0.29626946055492437,0.46212828447680193,0.539037054158215
804,0.3776025842249492,0.29386927432538545,0.4609020829148457,0.5505831174184467
805,0.3690953294454085,0.29179227674194524,0.45732515008593183,0.520268980347151
806,0.362560942955619,0.28929076522964847,0.4567073151098226,0.5157258969058643
807,0.3572725255770111,0.289583163037472,0.47401263565541063,0.5123843270028474
808,0.3524619973849297,0.2927395560941025,0.4615053189659223,0.5103185500349253
809,0.3478810110435792,0.28648888242687265,0.450293239562002,0.5095383541633002
810,0.3401568561172558,0.28216156789226177,0.44273609909368644,0.5146765599268616
811,0.33957708055266983,0.27149023133691347,0.4405726500584539,0.5159039483091142
812,0.3399209232668857,0.28579558882576095,0.4381681210744046,0.533079560983616
813,0.3439821417409997,0.2875132838120474,0.43436453416931897,0.5021530611354731
814,0.3429254822081982,0.2801821068847845,0.45814154938673174,0.4950298430132835
815,0.3399431607781691,0.262019491327048,0.429471282427085,0.4910711097890757
816,0.3373867436802604,0.2602029310469399,0.43279009907832766,0.48721639315532866
817,0.3301694131235281,0.2590075864841197,0.43446653107749544,0.48394007282773677
818,,0.2657898722958194,0.42899111914620636,0.4825378084851189
819,,,0.41452641097103055,0.48110228517745846
820,,,0.4057720070046955,0.4840225539956815
821,,,0.40040383364606386,0.4835842594683764
822,,,0.3943314820402221,0.48229966644774996
823,,,0.39088115582945193,0.48038749423842203
824,,,0.3890985678309225,0.47341201456109017
825,,,0.3884000285133218,0.47111843730065417
826,,,0.3885203932944603,0.4675264333918051
827,,,0.3927691818320296,0.4662089519223814
828,,,0.3917942469432093,0.4635117143610801
829,,,0.3897313474351125,0.46190271250383835
830,,,0.3934508660770225,0.4641014133818575
831,,,0.3823567767175324,0.46500221620630816
832,,,0.3738411824318517,0.46316484550288034
833,,,0.3702153049431575,0.4619005740975621
834,,,0.36878371167400514,0.45792348878276506
835,,,0.3681351190825849,0.45351983320356265
836,,,0.3655594639416388,0.45131396850811334
837,,,0.3656468490366196,0.44972180610800233
838,,,0.3698188784764862,0.447615038401184
839,,,0.37146059520973035,0.44533531905624535
840,,,0.3707164298084513,0.4437884477243744
841,,,0.36834429372866967,0.44208070894536744
842,,,0.3608425580265573,0.44022083660057326
843,,,0.3585347730803348,0.43841047480048073
844,,,0.3560004013437301,0.4385226516525933
845,,,0.3530781459494807,0.4581588585514045
846,,,0.35185309185026115,0.4617897852850363
847,,,0.34990006996859285,0.463621601876868
848,,,0.34796673714722093,0.46429528680011783
849,,,0.34608180082540796,0.4601569120999494
850,,,0.34482822725297957,0.46548170550251844
851,,,0.34680849473568337,0.45176405348201254
852,,,0.35324070732551843,0.4433443058598419
853,,,0.34696115085908774,0.4354171030301612
854,,,0.3417456806625885,0.4254981136244505
855,,,0.3373467204412951,0.4217295215153386
856,,,0.3342439435043534,0.41888397672576055
857,,,0.3320721278700922,0.416042306376495
858,,,0.3291489714514223,0.4146071469669364
859,,,0.32704267712869856,0.41647548691304553
860,,,0.32670940649948194,0.4162088688641527
861,,,0.3307969856192199,0.4137531959791346
862,,,0.3304725239887189,0.4137761358610372
863,,,0.3249384507360402,0.4158878097511724
864,,,0.3226282422659113,0.40733758286648264
865,,,0.3280231485036515,0.40046390094765744
866,,,0.32607353251144083,0.39570307065657756
867,,,0.31329413749543594,0.3937394907592733
868,,,0.3094351108646492,0.39648638634858574
869,,,0.307008916727059,0.3971507847530706
870,,,0.3104589960577644,0.3967418337200633
871,,,0.31110834607649035,0.39682081427665705
872,,,0.31278218748936804,0.39967638443743125
873,,,0.311327604595665,0.39986344827645814
874,,,0.31239985182315055,0.3985469923521541
875,,,0.3149126949028882,0.39223387351173833
876,,,0.31778474556707165,0.39033459861995423
877,,,0.31719212197131275,0.3855527617836679
878,,,0.31324598264721065,0.38272149364178404
879,,,,0.37003099837552145
880,,,,0.36941937229755883
881,,,,0.3660683068275853
882,,,,0.3619108485439161
883,,,,0.3588399274339054
884,,,,0.3563407999625929
885,,,,0.37499928998317983
886,,,,0.3345064056917428
887,,,,0.3278511000767719
888,,,,0.3235281201760507
889,,,,0.3213376669599017
890,,,,0.3178653073051327
891,,,,0.3140856277255263
892,,,,0.31001562170399083
893,,,,0.3076245791111057
894,,,,0.3079346796020092
895,,,,0.31703874930002435
896,,,,0.3161914413127591
897,,,,0.30975184886604107
898,,,,0.30880062771669076
899,,,,0.30414162629992375
900,,,,0.298749161879969
901,,,,0.2948133653902065
902,,,,0.2917658276246321
903,,,,0.28980809614559977
904,,,,0.2876300743893703
905,,,,0.2847063907367349
906,,,,0.2827618407704429
907,,,,0.27890545888748414
908,,,,0.27722212018239495
909,,,,0.2785821381864448
910,,,,0.28457870455904627
911,,,,0.28158839845307115
912,,,,0.28577679887407137
913,,,,0.2857695340479231
914,,,,0.2798000949892376
915,,,,0.26278905543324554
916,,,,0.2632370806304788
917,,,,0.2601092824538176
918,,,,0.2590832501218959
919,,,,0.2572126058899318
920,,,,0.25502458053530846
921,,,,0.2528049102617253
922,,,,0.24962761031490308
923,,,,0.24931106969662656
924,,,,0.305480853327675
925,,,,0.2552987140785212
926,,,,0.25372979411562496
927,,,,0.2473278528499703
928,,,,0.2503738046102046
929,,,,0.3604194345785839
930,,,,0.3517965878689582
931,,,,0.3455347085944916
932,,,,0.3345064056917428
933,,,,0.3278511000767719
934,,,,0.3235281201760507
935,,,,0.3213376669599017
936,,,,0.3178653073051327
937,,,,0.3140856277255263
938,,,,0.31001562170399083
939,,,,0.3076245791111057
940,,,,0.3079346796020092
941,,,,0.31703874930002435
942,,,,0.3161914413127591
943,,,,0.30975184886604107
